year,Sum of suicides_no
1999,256119
2002,256095
2003,256079
2000,255832
2001,250652
1998,249591
1996,246725
1995,243544
2009,243487
2004,240861
1997,240745
2010,238702
2011,236484
2008,235447
2005,234375
2007,233408
2006,233361
1994,232063
2012,230160
2013,223199
2014,222984
1993,221565
1992,211473
2015,203640
1991,198020
1990,193361
1989,160244
1987,126842
1988,121026
1986,120670
1985,116063
2016,15603
